{
	"credit": "Nekomaster1000",
	"gui_light": "front",
	"textures": {
		"2": "shieldexp:griefer",
		"particle": "shieldexp:griefer"
	},
	"elements": [
		{
			"from": [-6, -8, 1],
			"to": [6, 8, 2],
			"faces": {
				"north": {"uv": [3.5, 7.25, 6.5, 11.25], "texture": "#2"},
				"east": {"uv": [3.25, 7.25, 3.5, 11.25], "texture": "#2"},
				"south": {"uv": [0.25, 7.25, 3.25, 11.25], "texture": "#2"},
				"west": {"uv": [0, 7.25, 0.25, 11.25], "texture": "#2"},
				"up": {"uv": [0.25, 7, 3.25, 7.25], "texture": "#2"},
				"down": {"uv": [3.25, 7, 6.25, 7.25], "texture": "#2"}
			}
		},
		{
			"from": [-1, -3, -5],
			"to": [1, 3, 1],
			"faces": {
				"north": {"uv": [10, 1.5, 10.5, 3], "texture": "#2"},
				"east": {"uv": [8.5, 1.5, 10, 3], "texture": "#2"},
				"south": {"uv": [8, 1.5, 8.5, 3], "texture": "#2"},
				"west": {"uv": [6.5, 1.5, 8, 3], "texture": "#2"},
				"up": {"uv": [8, 0, 8.5, 1.5], "texture": "#2"},
				"down": {"uv": [8.5, 1.5, 9, 0], "texture": "#2"}
			}
		}
	],
	"overrides": [
		{"predicate": {"blocking": 1}, "model": "shieldexp:item/griefer_shield_blocking"}
	],
    "display": {
        "thirdperson_righthand": {
            "rotation": [ 0, 90, 0 ],
            "translation": [ 10, 6, -4 ],
            "scale": [ 1, 1, 1 ]
        },
        "thirdperson_lefthand": {
            "rotation": [ 0, 90, 0 ],
            "translation": [ 10, 6, 12 ],
            "scale": [ 1, 1, 1 ]
        },
        "firstperson_righthand": {
            "rotation": [ 0, 180, 5 ],
            "translation": [ -10, 2, -10 ],
            "scale": [ 1.25, 1.25, 1.25 ]
        },
        "firstperson_lefthand": {
            "rotation": [ 0, 180, 5 ],
            "translation": [ 10, 0, -10 ],
            "scale": [ 1.25, 1.25, 1.25 ]
        },
        "gui": {
            "rotation": [ 15, -25, -5 ],
            "translation": [ 2, 3, 0 ],
            "scale": [ 0.65, 0.65, 0.65 ]
        },
        "fixed": {
            "rotation": [ 0, 180, 0 ],
            "translation": [ -2, 4, -5],
            "scale":[ 0.5, 0.5, 0.5]
		}
	}
}