{
	"credit": "Nekomaster1000",
	"gui_light": "front",
	"textures": {
		"1": "shieldexp:netherite",
		"particle": "shieldexp:netherite"
	},
	"elements": [
		{
			"from": [-6, -11, 1],
			"to": [6, 11, 2],
			"faces": {
				"north": {"uv": [13, 5.75, 16, 11.25], "texture": "#1"},
				"east": {"uv": [12.75, 5.75, 13, 11.25], "texture": "#1"},
				"south": {"uv": [9.75, 5.75, 12.75, 11.25], "texture": "#1"},
				"west": {"uv": [9.5, 5.75, 9.75, 11.25], "texture": "#1"},
				"up": {"uv": [9.75, 5.5, 12.75, 5.75], "texture": "#1"},
				"down": {"uv": [12.75, 5.5, 15.75, 5.75], "texture": "#1"}
			}
		},
		{
			"from": [-1, -3, -5],
			"to": [1, 3, 1],
			"faces": {
				"north": {"uv": [10, 1.5, 10.5, 3], "texture": "#1"},
				"east": {"uv": [8.5, 1.5, 10, 3], "texture": "#1"},
				"south": {"uv": [8, 1.5, 8.5, 3], "texture": "#1"},
				"west": {"uv": [6.5, 1.5, 8, 3], "texture": "#1"},
				"up": {"uv": [8, 0, 8.5, 1.5], "texture": "#1"},
				"down": {"uv": [8.5, 1.5, 9, 0], "texture": "#1"}
			}
		}
	],
	"overrides": [
		{"predicate": {"blocking": 1}, "model": "shieldexp:item/netherite_shield_blocking"}
	],
	"display": {
		"thirdperson_righthand": {
			"rotation": [0, 90, 0],
			"translation": [10.01, 6, -4]
		},
		"thirdperson_lefthand": {
			"rotation": [0, 90, 0],
			"translation": [10.51, 6, 12]
		},
		"firstperson_righthand": {
			"rotation": [0, 180, 5],
			"translation": [-10, -2, -10],
			"scale": [1.25, 1.25, 1.25]
		},
		"firstperson_lefthand": {
			"rotation": [0, 180, 5],
			"translation": [10, -3.6, -10],
			"scale": [1.25, 1.25, 1.25]
		},
		"ground": {
			"translation": [4, 6.5, 3.5],
			"scale": [0.5, 0.5, 0.5]
		},
        "gui": {
            "rotation": [ 15, -25, -5 ],
            "translation": [ 2, 3, 0 ],
            "scale": [ 0.65, 0.65, 0.65 ]
		},
		"fixed": {
			"rotation": [0, -180, 0],
			"translation": [-7.25, 7.25, -8],
			"scale": [0.9, 0.9, 0.9]
		}
	}
}